sep=;;;;;;
Dataset;k;accuracy;alpha;weights;individual_accs;time
biodegradation;3;66.36;0.7;[0.000, 0.202, 0.261, 0.347, 0.000, 0.000, 0.190];[0.747, 0.605, 0.713, 0.657, 0.615, 0.609, 0.778];60.393
biodegradation;3;66.266;0.2;[0.000, 0.000, 0.256, 0.430, 0.095, 0.000, 0.219];[0.749, 0.605, 0.721, 0.663, 0.605, 0.608, 0.809];53.242
biodegradation;3;66.266;0;[0.157, 0.187, 0.005, 0.000, 0.187, 0.187, 0.277];[0.717, 0.605, 0.708, 0.661, 0.605, 0.605, 0.787];61.496
biodegradation;3;66.266;0.9;[0.000, 0.286, 0.284, 0.266, 0.000, 0.000, 0.164];[0.732, 0.605, 0.714, 0.658, 0.616, 0.609, 0.789];60.069
biodegradation;3;66.266;0.8;[0.000, 0.154, 0.300, 0.376, 0.000, 0.000, 0.170];[0.747, 0.605, 0.717, 0.658, 0.615, 0.609, 0.767];60.479
biodegradation;3;66.266;0.4;[0.201, 0.240, 0.053, 0.262, 0.000, 0.000, 0.244];[0.748, 0.605, 0.726, 0.649, 0.612, 0.615, 0.777];62.618
biodegradation;3;66.266;0.5;[0.121, 0.172, 0.226, 0.032, 0.172, 0.172, 0.106];[0.697, 0.605, 0.719, 0.654, 0.605, 0.605, 0.813];70.001
biodegradation;3;66.266;1;[0.000, 0.320, 0.301, 0.225, 0.000, 0.000, 0.154];[0.732, 0.605, 0.714, 0.658, 0.615, 0.606, 0.789];58.419
biodegradation;3;66.266;1;[0.000, 0.320, 0.301, 0.225, 0.000, 0.000, 0.154];[0.732, 0.605, 0.714, 0.658, 0.615, 0.606, 0.789];58.317
biodegradation;3;66.265;0.3;[0.153, 0.000, 0.000, 0.313, 0.315, 0.000, 0.220];[0.700, 0.605, 0.732, 0.657, 0.607, 0.605, 0.736];51.929
biodegradation;3;66.171;0.1;[0.257, 0.000, 0.116, 0.090, 0.181, 0.181, 0.174];[0.700, 0.605, 0.723, 0.646, 0.605, 0.605, 0.801];62.191
biodegradation;3;65.982;0.6;[0.000, 0.000, 0.253, 0.419, 0.134, 0.000, 0.195];[0.736, 0.605, 0.714, 0.650, 0.605, 0.605, 0.811];53.892
biodegradation;5;66.267;0.4;[0.246, 0.449, 0.000, 0.126, 0.000, 0.000, 0.179];[0.755, 0.599, 0.733, 0.649, 0.617, 0.610, 0.791];57.062
biodegradation;5;66.266;0.3;[0.097, 0.000, 0.000, 0.152, 0.542, 0.000, 0.209];[0.716, 0.599, 0.733, 0.659, 0.600, 0.599, 0.760];50.987
biodegradation;5;66.266;0.2;[0.013, 0.000, 0.162, 0.561, 0.087, 0.000, 0.177];[0.763, 0.599, 0.734, 0.663, 0.599, 0.603, 0.815];53.828
biodegradation;5;66.266;0.5;[0.201, 0.186, 0.142, 0.009, 0.186, 0.186, 0.091];[0.702, 0.599, 0.736, 0.657, 0.599, 0.599, 0.813];67.763
biodegradation;5;66.266;0.9;[0.027, 0.429, 0.232, 0.000, 0.150, 0.000, 0.162];[0.741, 0.599, 0.722, 0.662, 0.614, 0.604, 0.800];51.853
biodegradation;5;66.266;1;[0.022, 0.579, 0.258, 0.000, 0.000, 0.000, 0.141];[0.741, 0.599, 0.721, 0.662, 0.613, 0.600, 0.800];51.905
biodegradation;5;66.266;1;[0.022, 0.579, 0.258, 0.000, 0.000, 0.000, 0.141];[0.741, 0.599, 0.721, 0.662, 0.613, 0.600, 0.800];52.022
biodegradation;5;66.077;0.8;[0.048, 0.353, 0.239, 0.161, 0.000, 0.000, 0.199];[0.760, 0.599, 0.728, 0.662, 0.613, 0.604, 0.776];59.345
biodegradation;5;66.076;0;[0.294, 0.149, 0.077, 0.000, 0.149, 0.149, 0.183];[0.714, 0.599, 0.709, 0.660, 0.599, 0.599, 0.800];59.853
biodegradation;5;65.981;0.7;[0.016, 0.420, 0.247, 0.139, 0.000, 0.000, 0.179];[0.762, 0.599, 0.720, 0.659, 0.613, 0.603, 0.787];59.559
biodegradation;5;65.411;0.6;[0.007, 0.121, 0.261, 0.225, 0.121, 0.121, 0.145];[0.741, 0.599, 0.721, 0.663, 0.599, 0.599, 0.829];69.394
biodegradation;5;61.519;0.1;[0.024, 0.000, 0.228, 0.143, 0.249, 0.249, 0.107];[0.718, 0.599, 0.729, 0.642, 0.599, 0.599, 0.803];59.923
biodegradation;7;66.266;0.2;[0.186, 0.668, 0.038, 0.000, 0.000, 0.000, 0.108];[0.755, 0.542, 0.727, 0.663, 0.543, 0.550, 0.818];52.507
biodegradation;7;66.266;0.4;[0.216, 0.622, 0.000, 0.000, 0.000, 0.000, 0.163];[0.746, 0.542, 0.731, 0.655, 0.567, 0.564, 0.802];50.03
biodegradation;7;66.266;0;[0.237, 0.196, 0.000, 0.000, 0.196, 0.196, 0.174];[0.724, 0.542, 0.704, 0.661, 0.542, 0.542, 0.806];58.498
biodegradation;7;66.266;0.3;[0.107, 0.321, 0.000, 0.000, 0.000, 0.321, 0.251];[0.725, 0.542, 0.736, 0.657, 0.550, 0.542, 0.760];58.022
biodegradation;7;66.266;0.5;[0.187, 0.228, 0.026, 0.000, 0.228, 0.228, 0.102];[0.707, 0.542, 0.736, 0.662, 0.542, 0.542, 0.818];63.308
biodegradation;7;66.266;0.1;[0.000, 0.238, 0.092, 0.105, 0.238, 0.238, 0.089];[0.726, 0.542, 0.713, 0.646, 0.542, 0.542, 0.805];69.125
biodegradation;7;66.266;0.6;[0.000, 0.238, 0.155, 0.000, 0.238, 0.238, 0.131];[0.743, 0.542, 0.733, 0.664, 0.542, 0.542, 0.830];62.946
biodegradation;7;66.266;0.8;[0.000, 0.670, 0.197, 0.000, 0.000, 0.000, 0.133];[0.752, 0.542, 0.735, 0.663, 0.558, 0.551, 0.780];52.157
biodegradation;7;66.266;0.9;[0.000, 0.721, 0.138, 0.000, 0.000, 0.000, 0.141];[0.747, 0.542, 0.733, 0.663, 0.565, 0.551, 0.803];51.336
biodegradation;7;66.266;0.7;[0.102, 0.600, 0.107, 0.046, 0.000, 0.000, 0.145];[0.753, 0.542, 0.733, 0.661, 0.558, 0.550, 0.794];63.638
biodegradation;7;66.266;1;[0.000, 0.717, 0.148, 0.000, 0.000, 0.000, 0.136];[0.747, 0.542, 0.734, 0.663, 0.558, 0.545, 0.803];52.656
biodegradation;7;66.266;1;[0.000, 0.717, 0.148, 0.000, 0.000, 0.000, 0.136];[0.747, 0.542, 0.734, 0.663, 0.558, 0.545, 0.803];52.53
bupa;3;58.938;1;[0.073, 0.182, 0.155, 0.000, 0.160, 0.220, 0.210];[0.511, 0.526, 0.517, 0.579, 0.512, 0.579, 0.512];2.486
bupa;3;58.11;0.5;[0.555, 0.000, 0.000, 0.366, 0.059, 0.000, 0.020];[0.511, 0.526, 0.517, 0.451, 0.537, 0.579, 0.534];2.208
bupa;3;58.095;0.4;[0.000, 0.064, 0.000, 0.514, 0.000, 0.365, 0.058];[0.511, 0.526, 0.517, 0.579, 0.567, 0.455, 0.555];2.481
bupa;3;58.086;0.3;[0.351, 0.085, 0.000, 0.000, 0.306, 0.242, 0.016];[0.511, 0.533, 0.626, 0.579, 0.512, 0.455, 0.555];2.421
bupa;3;57.79;0.6;[0.185, 0.033, 0.000, 0.325, 0.050, 0.343, 0.064];[0.511, 0.526, 0.517, 0.579, 0.512, 0.455, 0.512];2.574
bupa;3;57.219;1;[0.016, 0.217, 0.336, 0.049, 0.243, 0.000, 0.139];[0.511, 0.526, 0.517, 0.579, 0.512, 0.579, 0.512];2.368
bupa;3;56.871;0;[0.360, 0.206, 0.000, 0.052, 0.287, 0.052, 0.044];[0.511, 0.532, 0.626, 0.579, 0.512, 0.579, 0.512];2.685
bupa;3;55.376;0.9;[0.276, 0.160, 0.115, 0.000, 0.366, 0.000, 0.082];[0.511, 0.526, 0.517, 0.579, 0.512, 0.579, 0.512];2.334
bupa;3;54.595;0.7;[0.025, 0.020, 0.008, 0.412, 0.231, 0.212, 0.092];[0.511, 0.526, 0.517, 0.579, 0.512, 0.435, 0.512];2.801
bupa;3;54.505;0.1;[0.000, 0.144, 0.017, 0.232, 0.000, 0.232, 0.374];[0.511, 0.532, 0.538, 0.579, 0.564, 0.579, 0.512];2.598
bupa;3;49.89;0.2;[0.290, 0.130, 0.000, 0.112, 0.000, 0.112, 0.357];[0.511, 0.532, 0.538, 0.579, 0.564, 0.579, 0.512];2.571
bupa;3;40.8;0.8;[0.111, 0.210, 0.032, 0.255, 0.000, 0.156, 0.236];[0.511, 0.526, 0.517, 0.579, 0.512, 0.579, 0.512];2.7
bupa;5;61.538;1;[0.098, 0.000, 0.430, 0.126, 0.062, 0.045, 0.239];[0.523, 0.515, 0.508, 0.575, 0.518, 0.575, 0.518];2.387
bupa;5;60.395;0.8;[0.195, 0.203, 0.189, 0.259, 0.155, 0.000, 0.000];[0.523, 0.515, 0.508, 0.575, 0.518, 0.575, 0.518];2.247
bupa;5;60.133;0.2;[0.305, 0.496, 0.000, 0.000, 0.000, 0.000, 0.199];[0.523, 0.528, 0.519, 0.567, 0.574, 0.575, 0.518];2.096
bupa;5;60.052;0.7;[0.140, 0.000, 0.000, 0.387, 0.000, 0.272, 0.201];[0.523, 0.515, 0.508, 0.575, 0.518, 0.414, 0.518];2.413
bupa;5;58.381;0.1;[0.381, 0.271, 0.064, 0.000, 0.000, 0.000, 0.284];[0.523, 0.528, 0.519, 0.567, 0.574, 0.575, 0.518];2.277
bupa;5;58.095;0.3;[0.000, 0.417, 0.000, 0.167, 0.000, 0.416, 0.000];[0.523, 0.527, 0.622, 0.575, 0.518, 0.448, 0.573];2.347
bupa;5;58.095;0.4;[0.000, 0.543, 0.000, 0.061, 0.000, 0.396, 0.000];[0.523, 0.515, 0.508, 0.567, 0.585, 0.448, 0.573];2.394
bupa;5;58.095;0.5;[0.000, 0.496, 0.098, 0.269, 0.018, 0.000, 0.120];[0.523, 0.515, 0.508, 0.416, 0.571, 0.575, 0.566];2.471
bupa;5;58.095;0.6;[0.095, 0.523, 0.000, 0.000, 0.008, 0.349, 0.025];[0.523, 0.515, 0.508, 0.575, 0.518, 0.448, 0.518];2.433
bupa;5;58.095;1;[0.080, 0.275, 0.427, 0.020, 0.032, 0.166, 0.000];[0.523, 0.515, 0.508, 0.575, 0.518, 0.575, 0.518];2.627
bupa;5;58.086;0;[0.311, 0.269, 0.000, 0.000, 0.271, 0.000, 0.149];[0.523, 0.527, 0.622, 0.567, 0.518, 0.575, 0.518];2.237
bupa;5;53.414;0.9;[0.000, 0.026, 0.300, 0.100, 0.457, 0.000, 0.117];[0.523, 0.515, 0.508, 0.575, 0.518, 0.575, 0.518];2.275
bupa;7;59.238;0.9;[0.277, 0.000, 0.151, 0.027, 0.211, 0.142, 0.193];[0.514, 0.534, 0.511, 0.575, 0.511, 0.575, 0.511];2.331
bupa;7;58.943;0.6;[0.098, 0.294, 0.000, 0.000, 0.396, 0.213, 0.000];[0.514, 0.534, 0.511, 0.575, 0.511, 0.481, 0.511];2.075
bupa;7;58.933;1;[0.026, 0.252, 0.165, 0.000, 0.228, 0.132, 0.196];[0.514, 0.534, 0.511, 0.575, 0.511, 0.575, 0.511];2.304
bupa;7;58.095;0.4;[0.073, 0.000, 0.000, 0.545, 0.000, 0.313, 0.069];[0.514, 0.534, 0.511, 0.531, 0.561, 0.481, 0.586];2.172
bupa;7;58.095;0.5;[0.256, 0.000, 0.311, 0.235, 0.000, 0.000, 0.198];[0.514, 0.534, 0.511, 0.438, 0.588, 0.575, 0.586];2.045
bupa;7;58.095;1;[0.125, 0.253, 0.150, 0.022, 0.134, 0.230, 0.087];[0.514, 0.534, 0.511, 0.575, 0.511, 0.575, 0.511];2.549
bupa;7;57.81;0.3;[0.555, 0.023, 0.000, 0.000, 0.000, 0.422, 0.000];[0.514, 0.552, 0.592, 0.575, 0.511, 0.481, 0.586];2.056
bupa;7;57.748;0.1;[0.138, 0.000, 0.143, 0.378, 0.000, 0.000, 0.341];[0.514, 0.552, 0.550, 0.531, 0.568, 0.575, 0.511];2.12
bupa;7;57.505;0.2;[0.245, 0.000, 0.126, 0.345, 0.000, 0.000, 0.284];[0.514, 0.552, 0.550, 0.531, 0.568, 0.575, 0.511];2.074
bupa;7;57.214;0.8;[0.388, 0.000, 0.073, 0.071, 0.380, 0.084, 0.004];[0.514, 0.534, 0.511, 0.575, 0.511, 0.575, 0.511];2.359
bupa;7;53.343;0.7;[0.256, 0.000, 0.458, 0.000, 0.025, 0.261, 0.000];[0.514, 0.534, 0.511, 0.575, 0.511, 0.428, 0.511];2.097
bupa;7;52.848;0;[0.318, 0.000, 0.000, 0.285, 0.157, 0.000, 0.239];[0.514, 0.552, 0.592, 0.531, 0.511, 0.575, 0.511];2.242
ionosphere;3;81.722;0.7;[0.774, 0.226, 0.000, 0.000, 0.000, 0.000, 0.000];[0.886, 0.351, 0.854, 0.554, 0.528, 0.528, 0.921];5.952
ionosphere;3;78.361;1;[0.075, 0.341, 0.000, 0.000, 0.000, 0.000, 0.584];[0.885, 0.336, 0.857, 0.547, 0.528, 0.528, 0.912];6.37
ionosphere;3;77.528;0.9;[0.279, 0.293, 0.000, 0.000, 0.000, 0.000, 0.428];[0.891, 0.332, 0.857, 0.547, 0.528, 0.528, 0.912];6.32
ionosphere;3;75.75;0.8;[0.575, 0.295, 0.000, 0.000, 0.000, 0.000, 0.130];[0.880, 0.341, 0.860, 0.548, 0.528, 0.528, 0.902];6.182
ionosphere;3;74.639;1;[0.216, 0.325, 0.000, 0.000, 0.000, 0.000, 0.459];[0.885, 0.336, 0.857, 0.547, 0.528, 0.528, 0.912];6.294
ionosphere;3;74.407;0.1;[0.241, 0.000, 0.052, 0.000, 0.707, 0.000, 0.000];[0.907, 0.337, 0.848, 0.542, 0.450, 0.528, 0.924];5.266
ionosphere;3;72.352;0.6;[0.216, 0.340, 0.000, 0.000, 0.000, 0.000, 0.445];[0.865, 0.361, 0.859, 0.551, 0.528, 0.528, 0.904];5.861
ionosphere;3;70.333;0.5;[0.012, 0.410, 0.000, 0.000, 0.000, 0.000, 0.578];[0.905, 0.340, 0.861, 0.535, 0.528, 0.528, 0.900];5.895
ionosphere;3;69.028;0;[0.000, 0.420, 0.541, 0.000, 0.000, 0.000, 0.039];[0.899, 0.328, 0.859, 0.545, 0.528, 0.552, 0.902];5.864
ionosphere;3;68.139;0.2;[0.000, 0.000, 0.005, 0.000, 0.675, 0.000, 0.319];[0.897, 0.341, 0.835, 0.562, 0.559, 0.511, 0.886];5.128
ionosphere;3;68.065;0.4;[0.252, 0.400, 0.000, 0.000, 0.000, 0.000, 0.348];[0.885, 0.321, 0.867, 0.538, 0.528, 0.528, 0.912];5.852
ionosphere;3;62.139;0.3;[0.000, 0.512, 0.000, 0.000, 0.000, 0.000, 0.488];[0.888, 0.285, 0.859, 0.555, 0.528, 0.528, 0.928];5.449
ionosphere;5;82.296;0.7;[0.607, 0.000, 0.099, 0.000, 0.147, 0.147, 0.000];[0.881, 0.306, 0.867, 0.580, 0.582, 0.582, 0.915];5.743
ionosphere;5;78.944;0.5;[0.027, 0.000, 0.386, 0.000, 0.173, 0.173, 0.242];[0.890, 0.311, 0.871, 0.567, 0.582, 0.582, 0.900];5.875
ionosphere;5;77.833;0.9;[0.262, 0.000, 0.000, 0.000, 0.200, 0.200, 0.339];[0.889, 0.298, 0.859, 0.569, 0.582, 0.582, 0.908];5.659
ionosphere;5;76.935;1;[0.078, 0.000, 0.090, 0.107, 0.140, 0.140, 0.445];[0.869, 0.311, 0.859, 0.569, 0.582, 0.582, 0.908];6.864
ionosphere;5;76.037;0.8;[0.400, 0.000, 0.104, 0.000, 0.190, 0.190, 0.116];[0.880, 0.310, 0.867, 0.567, 0.582, 0.582, 0.908];5.892
ionosphere;5;75.519;1;[0.149, 0.029, 0.000, 0.041, 0.167, 0.167, 0.448];[0.869, 0.311, 0.859, 0.569, 0.582, 0.582, 0.908];7.43
ionosphere;5;74.963;0.3;[0.000, 0.000, 0.112, 0.000, 0.223, 0.223, 0.442];[0.879, 0.240, 0.869, 0.560, 0.582, 0.582, 0.909];5.819
ionosphere;5;74.963;0.6;[0.000, 0.000, 0.000, 0.444, 0.000, 0.000, 0.556];[0.862, 0.330, 0.847, 0.574, 0.582, 0.582, 0.911];5.309
ionosphere;5;74.435;0.1;[0.237, 0.000, 0.025, 0.000, 0.738, 0.000, 0.000];[0.896, 0.306, 0.855, 0.576, 0.448, 0.582, 0.919];5.001
ionosphere;5;73.519;0.2;[0.024, 0.000, 0.080, 0.000, 0.627, 0.000, 0.269];[0.894, 0.327, 0.837, 0.579, 0.662, 0.544, 0.887];5.209
ionosphere;5;72.926;0.4;[0.098, 0.000, 0.000, 0.479, 0.000, 0.000, 0.423];[0.883, 0.298, 0.875, 0.570, 0.582, 0.582, 0.905];5.735
ionosphere;5;64.167;0;[0.000, 0.000, 0.258, 0.531, 0.000, 0.000, 0.210];[0.891, 0.304, 0.863, 0.573, 0.582, 0.572, 0.903];5.771
ionosphere;7;81.157;0.7;[0.519, 0.000, 0.020, 0.000, 0.161, 0.161, 0.139];[0.877, 0.313, 0.877, 0.580, 0.577, 0.577, 0.912];5.888
ionosphere;7;76.62;1;[0.000, 0.000, 0.064, 0.402, 0.000, 0.000, 0.533];[0.858, 0.320, 0.854, 0.576, 0.577, 0.577, 0.904];5.76
ionosphere;7;76.417;0.9;[0.345, 0.000, 0.000, 0.406, 0.000, 0.000, 0.248];[0.878, 0.298, 0.854, 0.576, 0.577, 0.577, 0.904];5.611
ionosphere;7;76.093;0.3;[0.010, 0.000, 0.173, 0.426, 0.000, 0.000, 0.391];[0.866, 0.240, 0.870, 0.591, 0.577, 0.577, 0.909];5.802
ionosphere;7;75.833;1;[0.193, 0.000, 0.020, 0.186, 0.091, 0.091, 0.418];[0.858, 0.320, 0.854, 0.576, 0.577, 0.577, 0.904];6.84
ionosphere;7;75.769;0.8;[0.244, 0.000, 0.041, 0.000, 0.205, 0.205, 0.306];[0.868, 0.310, 0.868, 0.576, 0.577, 0.577, 0.903];5.979
ionosphere;7;75.269;0.5;[0.114, 0.000, 0.069, 0.000, 0.221, 0.221, 0.376];[0.886, 0.323, 0.873, 0.571, 0.577, 0.577, 0.902];5.922
ionosphere;7;75.25;0.6;[0.000, 0.030, 0.000, 0.413, 0.000, 0.000, 0.557];[0.845, 0.333, 0.847, 0.599, 0.577, 0.577, 0.907];6.276
ionosphere;7;74.139;0.1;[0.181, 0.000, 0.159, 0.000, 0.660, 0.000, 0.000];[0.887, 0.305, 0.856, 0.592, 0.504, 0.577, 0.916];5.054
ionosphere;7;73.204;0.4;[0.128, 0.000, 0.000, 0.442, 0.000, 0.000, 0.430];[0.868, 0.300, 0.870, 0.584, 0.577, 0.577, 0.905];5.762
ionosphere;7;72.926;0.2;[0.033, 0.000, 0.030, 0.000, 0.681, 0.000, 0.256];[0.892, 0.324, 0.829, 0.600, 0.575, 0.560, 0.896];5.286
ionosphere;7;64.167;0;[0.057, 0.000, 0.257, 0.521, 0.000, 0.000, 0.165];[0.887, 0.306, 0.857, 0.587, 0.577, 0.573, 0.904];5.887
pima;3;65.108;0.1;[0.093, 0.000, 0.135, 0.672, 0.055, 0.000, 0.046];[0.700, 0.569, 0.611, 0.381, 0.606, 0.503, 0.612];9.759
pima;3;65.108;0.2;[0.000, 0.000, 0.000, 0.896, 0.038, 0.000, 0.066];[0.618, 0.569, 0.647, 0.349, 0.606, 0.381, 0.594];8.7
pima;3;65.108;0.3;[0.000, 0.591, 0.039, 0.221, 0.000, 0.000, 0.149];[0.598, 0.570, 0.596, 0.349, 0.704, 0.382, 0.604];10.064
pima;3;65.108;0.8;[0.209, 0.738, 0.035, 0.000, 0.018, 0.000, 0.000];[0.597, 0.554, 0.593, 0.381, 0.606, 0.381, 0.604];8.824
pima;3;65.108;0.5;[0.000, 0.508, 0.125, 0.240, 0.000, 0.000, 0.128];[0.598, 0.554, 0.593, 0.400, 0.599, 0.382, 0.701];10.101
pima;3;65.108;0.6;[0.090, 0.713, 0.036, 0.161, 0.000, 0.000, 0.000];[0.597, 0.568, 0.593, 0.381, 0.599, 0.382, 0.595];9.918
pima;3;65.108;0.7;[0.019, 0.000, 0.079, 0.775, 0.000, 0.000, 0.127];[0.608, 0.554, 0.593, 0.381, 0.606, 0.501, 0.604];9.439
pima;3;65.108;0.9;[0.121, 0.323, 0.000, 0.222, 0.000, 0.222, 0.111];[0.597, 0.554, 0.593, 0.381, 0.606, 0.381, 0.604];10.624
pima;3;65.108;1;[0.048, 0.000, 0.058, 0.379, 0.000, 0.377, 0.138];[0.597, 0.554, 0.593, 0.381, 0.606, 0.381, 0.604];10.416
pima;3;65.108;1;[0.110, 0.320, 0.059, 0.201, 0.000, 0.201, 0.110];[0.597, 0.554, 0.593, 0.381, 0.606, 0.381, 0.604];11.413
pima;3;64.978;0;[0.037, 0.452, 0.213, 0.224, 0.069, 0.005, 0.000];[0.597, 0.554, 0.613, 0.349, 0.694, 0.421, 0.609];11.437
pima;3;64.718;0.4;[0.217, 0.000, 0.093, 0.417, 0.165, 0.000, 0.108];[0.694, 0.569, 0.611, 0.417, 0.612, 0.503, 0.616];9.98
pima;5;65.498;0.5;[0.000, 0.121, 0.010, 0.313, 0.030, 0.000, 0.526];[0.623, 0.568, 0.597, 0.461, 0.611, 0.388, 0.705];11.04
pima;5;65.108;0.1;[0.000, 0.000, 0.000, 0.878, 0.000, 0.000, 0.122];[0.716, 0.594, 0.609, 0.389, 0.622, 0.440, 0.613];8.543
pima;5;65.108;0.2;[0.000, 0.000, 0.023, 0.933, 0.000, 0.000, 0.045];[0.631, 0.594, 0.657, 0.349, 0.622, 0.389, 0.594];9.168
pima;5;65.108;0.4;[0.219, 0.000, 0.000, 0.551, 0.046, 0.000, 0.184];[0.699, 0.594, 0.609, 0.366, 0.627, 0.440, 0.614];9.527
pima;5;65.108;0;[0.135, 0.563, 0.000, 0.241, 0.016, 0.046, 0.000];[0.619, 0.568, 0.610, 0.349, 0.708, 0.431, 0.619];11.277
pima;5;65.108;0.3;[0.000, 0.468, 0.034, 0.217, 0.074, 0.000, 0.207];[0.623, 0.594, 0.613, 0.349, 0.705, 0.388, 0.620];10.799
pima;5;65.108;0.6;[0.157, 0.726, 0.009, 0.108, 0.000, 0.000, 0.000];[0.619, 0.595, 0.597, 0.369, 0.611, 0.388, 0.598];10.635
pima;5;65.108;0.8;[0.224, 0.776, 0.000, 0.000, 0.000, 0.000, 0.000];[0.619, 0.568, 0.597, 0.389, 0.622, 0.389, 0.620];8.294
pima;5;65.108;0.7;[0.000, 0.000, 0.069, 0.649, 0.078, 0.011, 0.193];[0.629, 0.568, 0.597, 0.389, 0.622, 0.430, 0.620];10.95
pima;5;65.108;0.9;[0.177, 0.502, 0.030, 0.000, 0.156, 0.000, 0.135];[0.619, 0.568, 0.597, 0.389, 0.622, 0.389, 0.620];9.469
pima;5;65.108;1;[0.187, 0.645, 0.000, 0.000, 0.000, 0.000, 0.168];[0.619, 0.568, 0.597, 0.389, 0.622, 0.389, 0.620];8.218
pima;5;65.108;1;[0.191, 0.655, 0.002, 0.000, 0.000, 0.000, 0.152];[0.619, 0.568, 0.597, 0.389, 0.622, 0.389, 0.620];8.938
pima;7;65.108;0.1;[0.000, 0.000, 0.000, 0.915, 0.000, 0.000, 0.085];[0.720, 0.600, 0.615, 0.389, 0.631, 0.434, 0.628];8.22
pima;7;65.108;0.2;[0.000, 0.000, 0.000, 0.814, 0.008, 0.000, 0.178];[0.621, 0.600, 0.664, 0.349, 0.631, 0.389, 0.614];8.751
pima;7;65.108;0.4;[0.000, 0.000, 0.000, 0.847, 0.000, 0.000, 0.153];[0.712, 0.600, 0.615, 0.389, 0.629, 0.434, 0.622];8.427
pima;7;65.108;0;[0.051, 0.496, 0.000, 0.328, 0.074, 0.051, 0.000];[0.623, 0.589, 0.615, 0.349, 0.725, 0.431, 0.642];10.938
pima;7;65.108;0.3;[0.082, 0.000, 0.000, 0.048, 0.047, 0.642, 0.182];[0.634, 0.600, 0.613, 0.350, 0.715, 0.388, 0.629];10.508
pima;7;65.108;0.6;[0.000, 0.000, 0.020, 0.100, 0.000, 0.880, 0.000];[0.623, 0.602, 0.603, 0.391, 0.621, 0.388, 0.619];9.671
pima;7;65.108;0.7;[0.049, 0.000, 0.058, 0.723, 0.000, 0.000, 0.169];[0.632, 0.589, 0.603, 0.389, 0.631, 0.429, 0.629];9.455
pima;7;65.108;0.8;[0.061, 0.000, 0.045, 0.444, 0.000, 0.444, 0.007];[0.623, 0.589, 0.603, 0.389, 0.631, 0.389, 0.629];10.024
pima;7;65.108;0.9;[0.041, 0.000, 0.018, 0.323, 0.048, 0.323, 0.246];[0.623, 0.589, 0.603, 0.389, 0.631, 0.389, 0.629];10.408
pima;7;65.108;1;[0.059, 0.000, 0.000, 0.355, 0.000, 0.355, 0.231];[0.623, 0.589, 0.603, 0.389, 0.631, 0.389, 0.629];9.34
pima;7;65.108;1;[0.053, 0.000, 0.037, 0.336, 0.014, 0.336, 0.225];[0.623, 0.589, 0.603, 0.389, 0.631, 0.389, 0.629];10.327
pima;7;64.978;0.5;[0.066, 0.378, 0.000, 0.207, 0.014, 0.038, 0.296];[0.634, 0.589, 0.603, 0.487, 0.621, 0.388, 0.703];11.516
seismic-bumps;3;93.421;0;[1.000, 0.000, 0.000, 0.000, 0.000, 0.000, 0.000];[0.924, 0.934, 0.923, 0.924, 0.934, 0.934, 0.926];122.558
seismic-bumps;3;93.421;0.4;[0.867, 0.000, 0.000, 0.000, 0.000, 0.000, 0.133];[0.920, 0.934, 0.922, 0.921, 0.934, 0.934, 0.925];126.219
seismic-bumps;3;93.421;0.3;[1.000, 0.000, 0.000, 0.000, 0.000, 0.000, 0.000];[0.917, 0.934, 0.924, 0.923, 0.929, 0.934, 0.923];128.22
seismic-bumps;3;93.421;0.5;[0.000, 0.000, 0.872, 0.000, 0.000, 0.000, 0.128];[0.922, 0.934, 0.922, 0.934, 0.934, 0.934, 0.925];132.973
seismic-bumps;3;93.421;0.6;[0.000, 0.000, 0.838, 0.000, 0.000, 0.000, 0.162];[0.924, 0.934, 0.922, 0.924, 0.933, 0.934, 0.925];138.173
seismic-bumps;3;93.421;0.1;[0.785, 0.000, 0.000, 0.132, 0.000, 0.000, 0.083];[0.920, 0.934, 0.924, 0.915, 0.933, 0.934, 0.926];164.35
seismic-bumps;3;93.421;0.7;[0.893, 0.000, 0.000, 0.066, 0.000, 0.000, 0.042];[0.920, 0.934, 0.921, 0.925, 0.933, 0.934, 0.922];159.366
seismic-bumps;3;93.421;0.8;[0.000, 0.000, 0.908, 0.000, 0.000, 0.000, 0.092];[0.924, 0.934, 0.922, 0.934, 0.933, 0.934, 0.923];134.573
seismic-bumps;3;93.421;0.2;[0.089, 0.000, 0.622, 0.131, 0.000, 0.000, 0.158];[0.920, 0.934, 0.924, 0.915, 0.934, 0.934, 0.919];175.495
seismic-bumps;3;93.421;0.9;[0.000, 0.000, 0.768, 0.164, 0.000, 0.000, 0.068];[0.922, 0.934, 0.922, 0.934, 0.933, 0.934, 0.923];158.7
seismic-bumps;3;93.421;1;[0.000, 0.000, 0.689, 0.000, 0.000, 0.000, 0.311];[0.922, 0.934, 0.922, 0.934, 0.933, 0.934, 0.923];129.89
seismic-bumps;3;93.421;1;[0.411, 0.000, 0.063, 0.044, 0.000, 0.000, 0.481];[0.922, 0.934, 0.922, 0.934, 0.933, 0.934, 0.923];164.308
seismic-bumps;5;93.421;0;[1.000, 0.000, 0.000, 0.000, 0.000, 0.000, 0.000];[0.929, 0.934, 0.930, 0.930, 0.934, 0.934, 0.928];121.825
seismic-bumps;5;93.421;0.2;[0.953, 0.000, 0.000, 0.000, 0.000, 0.000, 0.047];[0.927, 0.934, 0.930, 0.928, 0.934, 0.934, 0.925];132.292
seismic-bumps;5;93.421;0.4;[0.000, 0.000, 0.000, 0.000, 0.000, 0.000, 1.000];[0.928, 0.934, 0.929, 0.932, 0.934, 0.934, 0.927];120.498
seismic-bumps;5;93.421;0.3;[1.000, 0.000, 0.000, 0.000, 0.000, 0.000, 0.000];[0.927, 0.934, 0.932, 0.933, 0.934, 0.934, 0.933];128.107
seismic-bumps;5;93.421;0.5;[0.000, 0.000, 0.000, 0.000, 0.000, 0.000, 1.000];[0.929, 0.934, 0.928, 0.934, 0.934, 0.934, 0.927];120.285
seismic-bumps;5;93.421;0.6;[0.000, 0.000, 0.851, 0.000, 0.000, 0.000, 0.149];[0.929, 0.934, 0.927, 0.933, 0.934, 0.934, 0.930];134.76
seismic-bumps;5;93.421;0.9;[0.000, 0.000, 1.000, 0.000, 0.000, 0.000, 0.000];[0.929, 0.934, 0.927, 0.934, 0.934, 0.934, 0.930];118.506
seismic-bumps;5;93.421;1;[0.000, 0.000, 1.000, 0.000, 0.000, 0.000, 0.000];[0.929, 0.934, 0.927, 0.934, 0.934, 0.934, 0.930];119.238
seismic-bumps;5;93.421;0.8;[0.000, 0.000, 0.822, 0.000, 0.000, 0.000, 0.178];[0.929, 0.934, 0.927, 0.934, 0.934, 0.934, 0.927];130.179
seismic-bumps;5;93.421;1;[0.000, 0.000, 0.089, 0.000, 0.000, 0.000, 0.911];[0.929, 0.934, 0.927, 0.934, 0.934, 0.934, 0.930];124.814
seismic-bumps;5;93.382;0.7;[0.000, 0.000, 0.000, 0.000, 0.000, 0.000, 1.000];[0.928, 0.934, 0.929, 0.928, 0.934, 0.934, 0.927];118.527
seismic-bumps;5;93.343;0.1;[0.000, 0.000, 0.000, 0.000, 0.000, 0.000, 1.000];[0.927, 0.934, 0.931, 0.928, 0.934, 0.934, 0.927];126.201
seismic-bumps;7;93.421;0;[0.982, 0.000, 0.000, 0.000, 0.000, 0.000, 0.018];[0.931, 0.934, 0.933, 0.934, 0.934, 0.934, 0.930];124.092
seismic-bumps;7;93.421;0.3;[1.000, 0.000, 0.000, 0.000, 0.000, 0.000, 0.000];[0.931, 0.934, 0.932, 0.933, 0.934, 0.934, 0.932];123.996
seismic-bumps;7;93.421;0.1;[0.000, 0.000, 0.000, 1.000, 0.000, 0.000, 0.000];[0.931, 0.934, 0.934, 0.914, 0.934, 0.934, 0.928];142.594
seismic-bumps;7;93.421;0.4;[0.000, 0.000, 0.000, 0.000, 0.000, 0.000, 1.000];[0.931, 0.934, 0.932, 0.934, 0.934, 0.934, 0.930];116.507
seismic-bumps;7;93.421;0.2;[0.000, 0.000, 0.000, 1.000, 0.000, 0.000, 0.000];[0.931, 0.934, 0.933, 0.914, 0.934, 0.934, 0.930];142.749
seismic-bumps;7;93.421;0.5;[0.000, 0.000, 0.000, 0.000, 0.000, 0.000, 1.000];[0.931, 0.934, 0.932, 0.934, 0.934, 0.934, 0.929];116.791
seismic-bumps;7;93.421;0.7;[0.000, 0.000, 0.000, 0.000, 0.000, 0.000, 1.000];[0.931, 0.934, 0.930, 0.929, 0.934, 0.934, 0.929];105.959
seismic-bumps;7;93.421;0.8;[0.000, 0.000, 0.000, 0.000, 0.000, 0.000, 1.000];[0.931, 0.934, 0.930, 0.934, 0.934, 0.934, 0.929];108.584
seismic-bumps;7;93.421;0.6;[0.000, 0.000, 1.000, 0.000, 0.000, 0.000, 0.000];[0.931, 0.934, 0.930, 0.933, 0.934, 0.934, 0.931];113.798
seismic-bumps;7;93.421;0.9;[0.000, 0.000, 1.000, 0.000, 0.000, 0.000, 0.000];[0.931, 0.934, 0.930, 0.934, 0.934, 0.934, 0.930];101.588
seismic-bumps;7;93.421;1;[0.000, 0.000, 1.000, 0.000, 0.000, 0.000, 0.000];[0.931, 0.934, 0.930, 0.934, 0.934, 0.934, 0.930];102.621
seismic-bumps;7;93.421;1;[0.000, 0.000, 1.000, 0.000, 0.000, 0.000, 0.000];[0.931, 0.934, 0.930, 0.934, 0.934, 0.934, 0.930];98.919
sonar;3;80.722;0.1;[0.293, 0.000, 0.000, 0.000, 0.021, 0.290, 0.396];[0.815, 0.520, 0.756, 0.528, 0.784, 0.530, 0.793];3.324
sonar;3;78.325;0.2;[0.000, 0.156, 0.000, 0.247, 0.000, 0.000, 0.597];[0.767, 0.505, 0.770, 0.528, 0.765, 0.531, 0.803];3.678
sonar;3;77.405;0.5;[0.037, 0.075, 0.000, 0.309, 0.000, 0.000, 0.580];[0.735, 0.509, 0.716, 0.525, 0.692, 0.532, 0.807];3.748
sonar;3;77.278;0;[0.000, 0.000, 0.238, 0.000, 0.013, 0.235, 0.514];[0.769, 0.472, 0.821, 0.528, 0.757, 0.525, 0.777];3.428
sonar;3;76.444;0.3;[0.161, 0.169, 0.000, 0.000, 0.000, 0.000, 0.670];[0.800, 0.511, 0.722, 0.534, 0.725, 0.530, 0.770];3.347
sonar;3;73.944;0.4;[0.000, 0.254, 0.000, 0.000, 0.000, 0.140, 0.605];[0.740, 0.548, 0.787, 0.544, 0.718, 0.525, 0.735];3.888
sonar;3;60.968;0.7;[0.000, 0.300, 0.000, 0.109, 0.000, 0.218, 0.373];[0.730, 0.530, 0.758, 0.529, 0.679, 0.539, 0.735];4.139
sonar;3;59.516;0.8;[0.057, 0.284, 0.000, 0.000, 0.000, 0.307, 0.351];[0.710, 0.535, 0.755, 0.528, 0.706, 0.525, 0.753];3.734
sonar;3;59.016;1;[0.000, 0.281, 0.000, 0.000, 0.000, 0.302, 0.417];[0.708, 0.536, 0.730, 0.531, 0.698, 0.531, 0.698];3.705
sonar;3;59.016;1;[0.000, 0.281, 0.000, 0.000, 0.000, 0.302, 0.417];[0.708, 0.536, 0.730, 0.531, 0.698, 0.531, 0.698];3.669
sonar;3;58.532;0.9;[0.162, 0.211, 0.000, 0.297, 0.000, 0.000, 0.329];[0.715, 0.535, 0.706, 0.523, 0.708, 0.524, 0.698];3.637
sonar;3;57.111;0.6;[0.000, 0.374, 0.000, 0.222, 0.000, 0.000, 0.404];[0.746, 0.538, 0.733, 0.530, 0.636, 0.528, 0.751];3.636
sonar;5;78.841;0.2;[0.000, 0.136, 0.000, 0.237, 0.000, 0.000, 0.626];[0.742, 0.510, 0.741, 0.533, 0.753, 0.530, 0.802];3.653
sonar;5;77.802;0;[0.000, 0.053, 0.173, 0.000, 0.002, 0.189, 0.583];[0.775, 0.450, 0.795, 0.527, 0.750, 0.529, 0.805];4.034
sonar;5;77.373;0.5;[0.000, 0.117, 0.000, 0.265, 0.000, 0.000, 0.618];[0.710, 0.488, 0.730, 0.521, 0.669, 0.529, 0.780];3.58
sonar;5;76.357;0.1;[0.312, 0.000, 0.000, 0.000, 0.077, 0.241, 0.369];[0.805, 0.523, 0.755, 0.531, 0.740, 0.530, 0.762];3.405
sonar;5;76.024;0.3;[0.159, 0.186, 0.000, 0.018, 0.000, 0.000, 0.637];[0.773, 0.517, 0.713, 0.537, 0.698, 0.530, 0.737];3.636
sonar;5;73.46;0.4;[0.064, 0.305, 0.000, 0.000, 0.000, 0.003, 0.629];[0.714, 0.536, 0.757, 0.527, 0.685, 0.527, 0.734];3.8
sonar;5;62.865;0.6;[0.079, 0.432, 0.000, 0.049, 0.000, 0.000, 0.441];[0.727, 0.518, 0.708, 0.530, 0.629, 0.516, 0.745];3.651
sonar;5;60.952;0.7;[0.005, 0.402, 0.026, 0.175, 0.000, 0.000, 0.392];[0.733, 0.531, 0.722, 0.530, 0.685, 0.546, 0.722];3.774
sonar;5;60.944;1;[0.000, 0.366, 0.012, 0.000, 0.000, 0.159, 0.464];[0.737, 0.530, 0.707, 0.530, 0.694, 0.525, 0.730];3.815
sonar;5;60.944;1;[0.000, 0.366, 0.012, 0.000, 0.000, 0.159, 0.464];[0.737, 0.530, 0.707, 0.530, 0.694, 0.525, 0.730];3.842
sonar;5;60.46;0.9;[0.016, 0.323, 0.000, 0.195, 0.000, 0.000, 0.466];[0.722, 0.520, 0.693, 0.531, 0.678, 0.527, 0.730];3.594
sonar;5;60.429;0.8;[0.136, 0.337, 0.000, 0.054, 0.000, 0.050, 0.423];[0.730, 0.532, 0.733, 0.530, 0.703, 0.517, 0.766];4.106
sonar;7;78.865;0;[0.000, 0.096, 0.222, 0.000, 0.000, 0.194, 0.487];[0.745, 0.449, 0.780, 0.525, 0.720, 0.525, 0.789];3.788
sonar;7;77.325;0.1;[0.310, 0.000, 0.000, 0.000, 0.000, 0.385, 0.305];[0.797, 0.521, 0.706, 0.531, 0.723, 0.530, 0.737];3.178
sonar;7;76.405;0.2;[0.000, 0.185, 0.000, 0.248, 0.000, 0.000, 0.567];[0.729, 0.504, 0.703, 0.528, 0.730, 0.528, 0.794];3.499
sonar;7;74.905;0.4;[0.000, 0.304, 0.054, 0.000, 0.000, 0.000, 0.641];[0.707, 0.515, 0.742, 0.527, 0.668, 0.537, 0.747];3.31
sonar;7;74.579;0.5;[0.000, 0.122, 0.000, 0.244, 0.000, 0.000, 0.633];[0.705, 0.502, 0.692, 0.525, 0.653, 0.530, 0.777];3.545
sonar;7;71.151;0.3;[0.130, 0.229, 0.069, 0.000, 0.000, 0.000, 0.572];[0.755, 0.510, 0.708, 0.520, 0.689, 0.530, 0.735];3.383
sonar;7;67.286;0.8;[0.046, 0.376, 0.000, 0.074, 0.000, 0.000, 0.504];[0.710, 0.540, 0.707, 0.528, 0.674, 0.520, 0.741];3.607
sonar;7;66.365;0.9;[0.000, 0.322, 0.070, 0.052, 0.000, 0.000, 0.556];[0.694, 0.512, 0.643, 0.528, 0.663, 0.528, 0.716];3.664
sonar;7;66.365;1;[0.000, 0.334, 0.000, 0.000, 0.000, 0.095, 0.571];[0.715, 0.526, 0.678, 0.527, 0.668, 0.525, 0.716];3.672
sonar;7;66.365;1;[0.000, 0.334, 0.000, 0.000, 0.000, 0.095, 0.571];[0.715, 0.526, 0.678, 0.527, 0.668, 0.525, 0.716];3.697
sonar;7;63.317;0.6;[0.226, 0.416, 0.000, 0.000, 0.000, 0.000, 0.358];[0.703, 0.520, 0.682, 0.530, 0.626, 0.503, 0.710];3.252
sonar;7;57.579;0.7;[0.003, 0.396, 0.000, 0.162, 0.000, 0.000, 0.439];[0.709, 0.525, 0.697, 0.527, 0.662, 0.530, 0.705];3.639
ThoraricSurgery;3;85.106;0;[0.275, 0.081, 0.057, 0.581, 0.000, 0.000, 0.006];[0.816, 0.804, 0.835, 0.851, 0.827, 0.828, 0.840];6.867
ThoraricSurgery;3;85.106;0.1;[0.767, 0.070, 0.064, 0.000, 0.000, 0.000, 0.099];[0.817, 0.789, 0.796, 0.851, 0.827, 0.843, 0.809];5.856
ThoraricSurgery;3;85.106;0.2;[0.767, 0.070, 0.064, 0.000, 0.000, 0.000, 0.099];[0.817, 0.789, 0.796, 0.851, 0.827, 0.843, 0.809];5.91
ThoraricSurgery;3;85.106;0.3;[0.842, 0.045, 0.000, 0.000, 0.000, 0.000, 0.113];[0.810, 0.801, 0.796, 0.851, 0.827, 0.843, 0.809];5.517
ThoraricSurgery;3;85.106;0.4;[0.249, 0.080, 0.087, 0.360, 0.003, 0.000, 0.222];[0.800, 0.801, 0.803, 0.851, 0.827, 0.828, 0.834];6.884
ThoraricSurgery;3;85.106;0.5;[0.377, 0.064, 0.043, 0.000, 0.022, 0.000, 0.494];[0.811, 0.807, 0.818, 0.851, 0.824, 0.828, 0.800];6.278
ThoraricSurgery;3;85.106;0.6;[0.692, 0.000, 0.025, 0.000, 0.061, 0.000, 0.222];[0.807, 0.802, 0.824, 0.851, 0.822, 0.827, 0.820];5.241
ThoraricSurgery;3;85.106;1;[0.659, 0.072, 0.000, 0.111, 0.000, 0.000, 0.158];[0.800, 0.806, 0.794, 0.851, 0.827, 0.827, 0.806];6.408
ThoraricSurgery;3;85.106;1;[0.659, 0.072, 0.000, 0.111, 0.000, 0.000, 0.158];[0.800, 0.806, 0.794, 0.851, 0.827, 0.827, 0.806];6.346
ThoraricSurgery;3;84.681;0.9;[0.672, 0.000, 0.000, 0.088, 0.000, 0.000, 0.240];[0.801, 0.806, 0.797, 0.851, 0.827, 0.827, 0.806];5.653
ThoraricSurgery;3;84.468;0.8;[0.575, 0.053, 0.000, 0.000, 0.000, 0.000, 0.373];[0.798, 0.806, 0.797, 0.849, 0.824, 0.827, 0.789];5.493
ThoraricSurgery;3;84.255;0.7;[0.663, 0.068, 0.000, 0.000, 0.000, 0.000, 0.269];[0.811, 0.793, 0.795, 0.851, 0.827, 0.827, 0.799];5.316
ThoraricSurgery;5;85.319;0.8;[0.833, 0.000, 0.000, 0.000, 0.034, 0.000, 0.133];[0.827, 0.833, 0.833, 0.850, 0.846, 0.851, 0.830];4.945
ThoraricSurgery;5;85.106;0;[0.890, 0.000, 0.052, 0.000, 0.000, 0.000, 0.058];[0.824, 0.834, 0.834, 0.851, 0.851, 0.851, 0.821];5.227
ThoraricSurgery;5;85.106;0.1;[0.000, 0.492, 0.223, 0.000, 0.000, 0.000, 0.285];[0.828, 0.828, 0.818, 0.851, 0.851, 0.851, 0.837];5.729
ThoraricSurgery;5;85.106;0.2;[0.000, 0.492, 0.223, 0.000, 0.000, 0.000, 0.285];[0.828, 0.828, 0.818, 0.851, 0.851, 0.851, 0.837];5.63
ThoraricSurgery;5;85.106;0.3;[0.000, 0.875, 0.007, 0.000, 0.000, 0.000, 0.118];[0.839, 0.834, 0.814, 0.851, 0.851, 0.851, 0.837];5.67
ThoraricSurgery;5;85.106;0.4;[0.110, 0.890, 0.000, 0.000, 0.000, 0.000, 0.000];[0.818, 0.825, 0.816, 0.851, 0.851, 0.851, 0.834];5.39
ThoraricSurgery;5;85.106;0.5;[0.000, 0.000, 0.058, 0.000, 0.000, 0.000, 0.942];[0.830, 0.837, 0.811, 0.851, 0.846, 0.851, 0.831];5.046
ThoraricSurgery;5;85.106;0.6;[0.000, 0.000, 0.000, 0.757, 0.000, 0.000, 0.243];[0.838, 0.831, 0.836, 0.830, 0.851, 0.851, 0.837];5.306
ThoraricSurgery;5;85.106;0.7;[0.000, 0.450, 0.114, 0.000, 0.000, 0.000, 0.436];[0.830, 0.825, 0.832, 0.851, 0.851, 0.851, 0.823];5.452
ThoraricSurgery;5;85.106;0.9;[0.453, 0.000, 0.133, 0.000, 0.000, 0.000, 0.414];[0.829, 0.833, 0.829, 0.851, 0.851, 0.851, 0.834];5.171
ThoraricSurgery;5;85.106;1;[0.441, 0.000, 0.191, 0.000, 0.000, 0.000, 0.369];[0.827, 0.833, 0.831, 0.851, 0.851, 0.851, 0.834];5.206
ThoraricSurgery;5;85.106;1;[0.441, 0.000, 0.191, 0.000, 0.000, 0.000, 0.369];[0.827, 0.833, 0.831, 0.851, 0.851, 0.851, 0.834];5.209
ThoraricSurgery;7;85.106;0;[0.643, 0.000, 0.000, 0.000, 0.000, 0.000, 0.357];[0.827, 0.841, 0.833, 0.851, 0.851, 0.851, 0.829];4.817
ThoraricSurgery;7;85.106;0.1;[0.347, 0.000, 0.291, 0.000, 0.000, 0.000, 0.362];[0.830, 0.830, 0.833, 0.851, 0.851, 0.851, 0.847];5.119
ThoraricSurgery;7;85.106;0.2;[0.347, 0.000, 0.291, 0.000, 0.000, 0.000, 0.362];[0.830, 0.830, 0.833, 0.851, 0.851, 0.851, 0.847];5.08
ThoraricSurgery;7;85.106;0.3;[0.861, 0.000, 0.018, 0.000, 0.000, 0.000, 0.121];[0.840, 0.842, 0.828, 0.851, 0.851, 0.851, 0.847];5.09
ThoraricSurgery;7;85.106;0.4;[0.000, 0.000, 0.035, 0.000, 0.000, 0.000, 0.965];[0.831, 0.830, 0.844, 0.851, 0.851, 0.851, 0.827];4.976
ThoraricSurgery;7;85.106;0.5;[0.000, 0.000, 0.292, 0.000, 0.000, 0.000, 0.708];[0.835, 0.845, 0.836, 0.849, 0.851, 0.851, 0.831];5.043
ThoraricSurgery;7;85.106;0.6;[0.000, 0.991, 0.000, 0.000, 0.000, 0.000, 0.009];[0.841, 0.839, 0.841, 0.850, 0.851, 0.851, 0.845];5.322
ThoraricSurgery;7;85.106;0.7;[0.000, 0.484, 0.017, 0.000, 0.000, 0.000, 0.499];[0.835, 0.809, 0.833, 0.851, 0.851, 0.851, 0.839];5.547
ThoraricSurgery;7;85.106;0.8;[1.000, 0.000, 0.000, 0.000, 0.000, 0.000, 0.000];[0.827, 0.840, 0.835, 0.843, 0.851, 0.851, 0.833];4.602
ThoraricSurgery;7;85.106;0.9;[0.842, 0.000, 0.158, 0.000, 0.000, 0.000, 0.000];[0.838, 0.839, 0.836, 0.851, 0.851, 0.851, 0.844];4.974
ThoraricSurgery;7;85.106;1;[0.870, 0.000, 0.130, 0.000, 0.000, 0.000, 0.000];[0.837, 0.839, 0.838, 0.851, 0.851, 0.851, 0.844];5.055
ThoraricSurgery;7;85.106;1;[0.870, 0.000, 0.130, 0.000, 0.000, 0.000, 0.000];[0.837, 0.839, 0.838, 0.851, 0.851, 0.851, 0.844];5.043
vehicle;3;30.318;0.2;[0.000, 0.000, 0.859, 0.000, 0.000, 0.000, 0.141];[0.612, 0.245, 0.608, 0.264, 0.685, 0.256, 0.643];15.815
vehicle;3;26.993;0.8;[0.000, 0.000, 0.000, 0.000, 0.000, 0.000, 1.000];[0.657, 0.245, 0.651, 0.256, 0.671, 0.256, 0.685];14.297
vehicle;3;26.754;0.6;[0.000, 0.000, 0.000, 0.000, 0.000, 0.000, 1.000];[0.656, 0.245, 0.580, 0.256, 0.674, 0.256, 0.666];14.71
vehicle;3;26.754;0.7;[0.000, 0.000, 0.000, 0.000, 0.000, 0.000, 1.000];[0.658, 0.245, 0.625, 0.256, 0.689, 0.256, 0.666];14.26
vehicle;3;26.754;0.9;[0.000, 0.000, 0.000, 0.000, 0.000, 0.000, 1.000];[0.654, 0.245, 0.625, 0.256, 0.671, 0.256, 0.666];14.51
vehicle;3;26.754;1;[0.000, 0.000, 0.000, 0.000, 0.000, 0.000, 1.000];[0.654, 0.245, 0.625, 0.256, 0.671, 0.256, 0.666];14.576
vehicle;3;26.754;1;[0.000, 0.000, 0.000, 0.000, 0.000, 0.000, 1.000];[0.654, 0.245, 0.625, 0.256, 0.671, 0.256, 0.666];14.589
vehicle;3;26.159;0;[0.000, 0.000, 0.000, 0.000, 0.000, 0.000, 1.000];[0.664, 0.245, 0.624, 0.256, 0.702, 0.232, 0.701];14.047
vehicle;3;25.685;0.1;[0.000, 0.000, 0.000, 0.000, 0.000, 0.000, 1.000];[0.660, 0.245, 0.651, 0.355, 0.702, 0.256, 0.647];14.466
vehicle;3;24.49;0.5;[0.000, 0.000, 0.022, 0.000, 0.000, 0.000, 0.978];[0.654, 0.245, 0.570, 0.258, 0.671, 0.256, 0.699];15.853
vehicle;3;22.587;0.3;[0.000, 0.000, 1.000, 0.000, 0.000, 0.000, 0.000];[0.622, 0.246, 0.678, 0.256, 0.671, 0.256, 0.620];14.899
vehicle;3;19.61;0.4;[0.000, 0.000, 0.127, 0.000, 0.000, 0.000, 0.873];[0.597, 0.245, 0.580, 0.230, 0.674, 0.256, 0.685];15.667
vehicle;5;30.316;0.2;[0.000, 0.000, 1.000, 0.000, 0.000, 0.000, 0.000];[0.616, 0.244, 0.615, 0.232, 0.680, 0.256, 0.650];15.211
vehicle;5;27.235;0.6;[0.000, 0.000, 0.000, 0.000, 0.000, 0.000, 1.000];[0.660, 0.244, 0.592, 0.256, 0.685, 0.256, 0.684];14.219
vehicle;5;27.235;0.7;[0.000, 0.000, 0.000, 0.000, 0.000, 0.000, 1.000];[0.660, 0.244, 0.637, 0.256, 0.689, 0.256, 0.684];14.349
vehicle;5;27.235;0.9;[0.000, 0.000, 0.000, 0.000, 0.000, 0.000, 1.000];[0.655, 0.244, 0.637, 0.256, 0.684, 0.256, 0.684];14.555
vehicle;5;27.235;1;[0.000, 0.000, 0.000, 0.000, 0.000, 0.000, 1.000];[0.655, 0.244, 0.637, 0.256, 0.684, 0.256, 0.684];14.409
vehicle;5;27.235;1;[0.000, 0.000, 0.000, 0.000, 0.000, 0.000, 1.000];[0.655, 0.244, 0.637, 0.256, 0.684, 0.256, 0.684];14.478
vehicle;5;27.114;0.8;[0.000, 0.000, 0.000, 0.000, 0.000, 0.000, 1.000];[0.659, 0.244, 0.662, 0.256, 0.684, 0.256, 0.687];14.221
vehicle;5;25.801;0.1;[0.000, 0.000, 0.000, 0.000, 0.000, 0.000, 1.000];[0.658, 0.244, 0.640, 0.324, 0.700, 0.256, 0.631];14.601
vehicle;5;25.571;0.5;[0.000, 0.000, 0.096, 0.000, 0.000, 0.000, 0.904];[0.655, 0.244, 0.586, 0.238, 0.684, 0.256, 0.694];15.43
vehicle;5;25.436;0;[0.000, 0.000, 0.000, 0.000, 0.000, 0.000, 1.000];[0.674, 0.244, 0.620, 0.256, 0.700, 0.268, 0.705];14.353
vehicle;5;22.938;0.3;[0.000, 0.000, 1.000, 0.000, 0.000, 0.000, 0.000];[0.625, 0.243, 0.680, 0.256, 0.684, 0.256, 0.621];14.953
vehicle;5;19.731;0.4;[0.000, 0.000, 0.033, 0.000, 0.000, 0.000, 0.967];[0.604, 0.244, 0.583, 0.235, 0.660, 0.256, 0.687];15.5
vehicle;7;30.316;0.2;[0.000, 0.000, 0.992, 0.000, 0.000, 0.000, 0.008];[0.618, 0.242, 0.608, 0.255, 0.691, 0.256, 0.643];15.199
vehicle;7;26.993;0.6;[0.000, 0.000, 0.000, 0.000, 0.000, 0.000, 1.000];[0.655, 0.242, 0.588, 0.256, 0.693, 0.256, 0.691];13.991
vehicle;7;26.993;0.7;[0.000, 0.000, 0.000, 0.000, 0.000, 0.000, 1.000];[0.670, 0.242, 0.644, 0.256, 0.693, 0.256, 0.691];13.942
vehicle;7;26.993;0.9;[0.000, 0.000, 0.000, 0.000, 0.000, 0.000, 1.000];[0.666, 0.242, 0.644, 0.256, 0.692, 0.256, 0.691];14.225
vehicle;7;26.993;1;[0.000, 0.000, 0.000, 0.000, 0.000, 0.000, 1.000];[0.666, 0.242, 0.644, 0.256, 0.692, 0.256, 0.691];14.152
vehicle;7;26.993;1;[0.000, 0.000, 0.000, 0.000, 0.000, 0.000, 1.000];[0.666, 0.242, 0.644, 0.256, 0.692, 0.256, 0.691];14.041
vehicle;7;26.405;0.8;[0.000, 0.000, 0.000, 0.000, 0.000, 0.000, 1.000];[0.670, 0.242, 0.657, 0.256, 0.692, 0.256, 0.694];13.97
vehicle;7;26.159;0;[0.000, 0.000, 0.000, 0.000, 0.000, 0.000, 1.000];[0.672, 0.242, 0.620, 0.256, 0.709, 0.229, 0.717];13.519
vehicle;7;25.801;0.1;[0.000, 0.000, 0.000, 0.000, 0.000, 0.000, 1.000];[0.658, 0.242, 0.632, 0.264, 0.709, 0.256, 0.642];13.943
vehicle;7;25.568;0.5;[0.000, 0.000, 0.000, 0.000, 0.000, 0.000, 1.000];[0.666, 0.242, 0.581, 0.234, 0.692, 0.256, 0.695];13.925
vehicle;7;24.937;0.4;[0.000, 0.000, 0.000, 0.000, 0.000, 0.000, 1.000];[0.591, 0.242, 0.582, 0.223, 0.667, 0.256, 0.694];13.751
vehicle;7;23.184;0.3;[0.000, 0.000, 1.000, 0.000, 0.000, 0.000, 0.000];[0.634, 0.243, 0.669, 0.256, 0.692, 0.256, 0.618];14.304
wdbc;3;92.285;0.5;[0.000, 0.000, 0.143, 0.000, 0.004, 0.030, 0.824];[0.904, 0.546, 0.801, 0.374, 0.895, 0.389, 0.902];12.455
wdbc;3;89.969;1;[0.000, 0.000, 0.331, 0.000, 0.000, 0.000, 0.669];[0.903, 0.546, 0.811, 0.374, 0.920, 0.389, 0.910];10.064
wdbc;3;87.843;0.6;[0.000, 0.000, 0.161, 0.000, 0.000, 0.025, 0.814];[0.900, 0.546, 0.816, 0.374, 0.901, 0.389, 0.902];12.066
wdbc;3;87.502;0.7;[0.000, 0.000, 0.220, 0.000, 0.000, 0.000, 0.780];[0.896, 0.546, 0.811, 0.374, 0.917, 0.389, 0.902];9.939
wdbc;3;83.072;0.9;[0.000, 0.000, 0.374, 0.000, 0.000, 0.000, 0.626];[0.903, 0.546, 0.811, 0.374, 0.920, 0.389, 0.910];10.092
wdbc;3;79.724;0.8;[0.000, 0.000, 0.385, 0.000, 0.000, 0.000, 0.615];[0.903, 0.546, 0.811, 0.374, 0.920, 0.389, 0.910];10.085
wdbc;3;78.13;1;[0.000, 0.000, 0.391, 0.000, 0.000, 0.000, 0.609];[0.903, 0.546, 0.811, 0.374, 0.920, 0.389, 0.910];10.07
wdbc;3;77.61;0;[0.000, 0.000, 0.382, 0.000, 0.000, 0.000, 0.618];[0.870, 0.546, 0.817, 0.374, 0.895, 0.389, 0.902];10.219
wdbc;3;67.807;0.3;[0.000, 0.126, 0.554, 0.000, 0.000, 0.000, 0.320];[0.901, 0.546, 0.810, 0.374, 0.890, 0.389, 0.893];11.567
wdbc;3;63.641;0.1;[0.000, 0.331, 0.268, 0.000, 0.000, 0.000, 0.401];[0.885, 0.546, 0.821, 0.374, 0.898, 0.374, 0.894];11.585
wdbc;3;63.307;0.2;[0.601, 0.000, 0.000, 0.000, 0.000, 0.000, 0.399];[0.868, 0.546, 0.892, 0.374, 0.890, 0.389, 0.904];9.683
wdbc;3;49.737;0.4;[0.128, 0.000, 0.312, 0.000, 0.000, 0.000, 0.559];[0.875, 0.542, 0.805, 0.374, 0.907, 0.389, 0.903];10.388
wdbc;5;91.944;0.5;[0.000, 0.067, 0.079, 0.000, 0.000, 0.040, 0.815];[0.899, 0.509, 0.804, 0.374, 0.899, 0.385, 0.893];13.858
wdbc;5;91.577;0.6;[0.000, 0.000, 0.166, 0.000, 0.000, 0.008, 0.826];[0.897, 0.509, 0.824, 0.374, 0.907, 0.385, 0.895];12.193
wdbc;5;88.912;1;[0.000, 0.000, 0.281, 0.000, 0.000, 0.000, 0.719];[0.899, 0.509, 0.810, 0.374, 0.919, 0.385, 0.907];10.131
wdbc;5;88.048;0.7;[0.000, 0.000, 0.252, 0.000, 0.000, 0.000, 0.748];[0.894, 0.509, 0.810, 0.374, 0.916, 0.385, 0.893];10.187
wdbc;5;87.486;0.9;[0.000, 0.000, 0.296, 0.000, 0.000, 0.000, 0.704];[0.899, 0.509, 0.810, 0.374, 0.919, 0.385, 0.907];10.069
wdbc;5;83.419;1;[0.000, 0.226, 0.097, 0.000, 0.000, 0.000, 0.678];[0.899, 0.509, 0.810, 0.374, 0.919, 0.385, 0.907];11.901
wdbc;5;83.249;0;[0.000, 0.000, 0.333, 0.000, 0.000, 0.000, 0.667];[0.888, 0.509, 0.831, 0.374, 0.895, 0.385, 0.903];10.563
wdbc;5;77.603;0.4;[0.023, 0.000, 0.392, 0.000, 0.000, 0.012, 0.573];[0.884, 0.510, 0.802, 0.374, 0.908, 0.385, 0.898];12.686
wdbc;5;77.077;0.8;[0.000, 0.000, 0.339, 0.000, 0.000, 0.000, 0.661];[0.899, 0.509, 0.810, 0.374, 0.919, 0.385, 0.907];10.126
wdbc;5;68.144;0.3;[0.000, 0.055, 0.606, 0.000, 0.000, 0.000, 0.338];[0.898, 0.509, 0.811, 0.374, 0.888, 0.385, 0.900];11.867
wdbc;5;63.463;0.1;[0.000, 0.239, 0.308, 0.000, 0.000, 0.000, 0.453];[0.881, 0.509, 0.843, 0.374, 0.904, 0.374, 0.901];11.972
wdbc;5;62.953;0.2;[0.000, 0.000, 0.536, 0.000, 0.000, 0.002, 0.461];[0.877, 0.510, 0.886, 0.374, 0.901, 0.385, 0.905];12.412
wdbc;7;90.853;0.5;[0.000, 0.065, 0.102, 0.000, 0.000, 0.000, 0.833];[0.897, 0.540, 0.811, 0.374, 0.897, 0.389, 0.899];11.875
wdbc;7;89.071;0.6;[0.000, 0.000, 0.135, 0.000, 0.000, 0.026, 0.839];[0.893, 0.540, 0.823, 0.374, 0.907, 0.389, 0.903];12.335
wdbc;7;87.824;0.9;[0.000, 0.000, 0.289, 0.000, 0.000, 0.000, 0.711];[0.898, 0.540, 0.820, 0.374, 0.912, 0.389, 0.903];10.472
wdbc;7;85.544;1;[0.000, 0.000, 0.262, 0.000, 0.000, 0.000, 0.738];[0.898, 0.540, 0.820, 0.374, 0.912, 0.389, 0.903];10.526
wdbc;7;85.415;0.8;[0.000, 0.000, 0.280, 0.000, 0.000, 0.000, 0.720];[0.898, 0.540, 0.820, 0.374, 0.912, 0.389, 0.903];10.375
wdbc;7;85.395;1;[0.000, 0.000, 0.317, 0.000, 0.000, 0.000, 0.683];[0.898, 0.540, 0.820, 0.374, 0.912, 0.389, 0.903];10.56
wdbc;7;84.676;0.7;[0.000, 0.175, 0.064, 0.000, 0.000, 0.000, 0.761];[0.894, 0.540, 0.820, 0.374, 0.914, 0.389, 0.899];11.966
wdbc;7;84.334;0.2;[0.000, 0.000, 0.477, 0.000, 0.000, 0.036, 0.487];[0.885, 0.541, 0.889, 0.374, 0.901, 0.389, 0.901];12.139
wdbc;7;80.772;0;[0.000, 0.000, 0.362, 0.000, 0.000, 0.000, 0.638];[0.891, 0.540, 0.830, 0.374, 0.893, 0.389, 0.908];10.311
wdbc;7;67.634;0.3;[0.000, 0.063, 0.569, 0.000, 0.000, 0.000, 0.368];[0.896, 0.540, 0.825, 0.374, 0.888, 0.389, 0.900];11.583
wdbc;7;64.525;0.4;[0.000, 0.000, 0.556, 0.000, 0.000, 0.000, 0.444];[0.888, 0.538, 0.809, 0.374, 0.905, 0.389, 0.897];9.818
wdbc;7;63.287;0.1;[0.000, 0.130, 0.423, 0.000, 0.000, 0.000, 0.446];[0.883, 0.540, 0.835, 0.374, 0.900, 0.374, 0.896];11.729
